DateOfBirth,Email,FavoriteColor,FirstName,LastName
3/14/1952,a1@email3t.com,blue,Charles,Criswellson
3/15/1966,a2@email3t.com,green,Dan,Thompsonson
3/16/1972,a3@email3t.com,yellow,Doug,Bacason
9/12/1999,a4@email3t.com,pink,Jeff,Stoverson
9/13/1999,a5@email3t.com,orange,Teis,Romerson
9/14/1999,a6@email3t.com,red,Bill,Aabyson
9/15/1999,a7@email3t.com,black,Tom,Abottson
9/16/1999,a8@email3t.com,grey,Steve,Ablerson
9/17/1999,a9@e3t.com,brown,Willy,Babichson
6/11/2000,a10@e3t.com,tan,Mathew,Beckerson
6/12/2000,a11@e3t.com,white,Rachelle,Mitchellson
6/13/2000,a12@f3t.com,emerald,Pattrick,Michealsson
6/14/2000,a13@g3t.com,khaki,Gene,Thomesson
6/15/2000,d45@hh3t.com,hunter,Jerry,Barelason
6/16/2000,dre@hhh3t.com,denim,Dianne,Sanchezson
7/21/1989,asdf@ert3t.com,sapphire,Debbie,Williamsson
7/22/1989,er@hhh3t.com,turquoise,Nelda,Bachertson
7/23/1989,xcv@ggg.net,robin,Martha,Andersonson
6/8/1965,dfgh@tyu.biz,pool,Quinten,Chavezson
6/9/1965,cod@ffh3t.com,ivory,Chris,Chenowethson
6/10/1965,cvbn@erty3t.com,olive,Laura,Alberezson
6/11/1965,fghj@fde3t.com,sage,Grant,Cheryson
6/12/1965,erggn@gter3t.com,avacado,Gabe,Childersson
6/13/1965,cvbnfgh@rtyu3t.com,navy,Shannon,Smithson
7/9/1980,yyuiouyi@vbnm3t.com,pacific,Isabelle,Jonesson
7/10/1980,uiyoy@eret3t.com,indigo,Terry,Watsonson
7/11/1980,vbnvm@ertyyy3t.com,orchid,Becky,Jasminson
7/12/1980,cvbn@yuio3t.com,blush,Rebecca,Coruthersson
7/13/1980,sdffr@ertert3t.com,mauve,Wallice,Faerberson
7/14/1980,bnmert@tyeg3t.com,rose,Winchester,Quastson
4/27/2008,NoahRogers@NnEmail.com,Candy apple red,Noah,Rogers
11/22/2008,NoahMorris@KnEmail.com,CG red,Noah,Morris
12/1/2005,RileyButler@NmEmail.com,Bluetiful,Riley,Butler
7/6/2008,OliviaMartin@AxEmail.com,Citrine,Olivia,Martin
9/27/2008,SophiaWilliams@HaEmail.com,Bright green,Sophia,Williams
12/1/2007,IsaacAdams@DoEmail.com,Desert sand,Isaac,Adams
8/11/1995,IslaHayes@AaEmail.com,Dogwood rose,Isla,Hayes
8/27/2018,HarperRichardson@IyEmail.com,Charcoal,Harper,Richardson
7/25/2002,CamillaMitchell@JuEmail.com,Floral white,Camilla,Mitchell
7/5/1995,AsherReed@HzEmail.com,Brandy,Asher,Reed
12/17/1998,JacobGray@UfEmail.com,Claret,Jacob,Gray
8/18/2009,PenelopeDiaz@QnEmail.com,Coral,Penelope,Diaz
2/9/1995,LeahNelson@DkEmail.com,Brink pink,Leah,Nelson
9/27/1995,LucasGonzales@YvEmail.com,Dogwood rose,Lucas,Gonzales
1/27/2003,MayaCooper@OhEmail.com,Dark purple,Maya,Cooper
9/28/2019,MateoMoore@VrEmail.com,Dark moss green,Mateo,Moore
5/12/2004,OliverStewart@OmEmail.com,Castleton green,Oliver,Stewart
10/28/2015,LilaAlexander@ZpEmail.com,Deep jungle green,Lila,Alexander
3/22/2002,JaydenWright@HkEmail.com,Fern green,Jayden,Wright
12/14/2020,LukeCarter@IoEmail.com,Ash gray,Luke,Carter
1/8/2016,LucasRobinson@YuEmail.com,Burnt umber,Lucas,Robinson
6/14/2000,MaverickClark@IpEmail.com,Celeste,Maverick,Clark
5/15/2011,MatthewMorris@SpEmail.com,Alice blue,Matthew,Morris
2/9/2008,LeoHoward@CsEmail.com,French raspberry,Leo,Howard
4/28/1998,ArianaWatson@OnEmail.com,Amaranth purple,Ariana,Watson
8/15/2005,MatthewHughes@LmEmail.com,Yellow,Matthew,Hughes
4/26/2019,JayceRogers@YuEmail.com,Brilliant rose,Jayce,Rogers
7/6/2016,EllaWalker@QhEmail.com,Air superiority blue,Ella,Walker
2/8/2009,OwenLopez@XxEmail.com,Dark pastel green,Owen,Lopez
12/15/2002,JackPowell@KdEmail.com,Dark green,Jack,Powell
3/14/1952,qyyuh@emqilstysty.com,yellow,Becky,Williamsite
3/15/1967,dktyb@emqilstysty.com,white,Bill,Watsonite
3/16/1972,aylkgf@emqilstysty.com,turquoise,Charles,Thompsonite
8/12/1978,zertyerthfgh@emqilstysty.com,tan,Chris,Thomesite
8/13/1978,dfghyrwyt@emqilstysty.com,sapphire,Dan,Stoverite
8/14/1978,kytgujkert5@emqilstysty.com,sage,Debbie,Smithite
8/15/1978,werjeyob@emqilstysty.com,rose,Dianne,Sanchezite
8/16/1978,sduyiohgjhg@emqilstysty.com,robin,Doug,Romerite
8/17/1978,iuosdgfrwe@estysty.com,red,Gabe,Quastite
6/11/1993,otgfyewbhjdfn@estysty.com,pool,Gene,Mitchellite
6/12/1993,sdytrer@estysty.com,pink,Grant,Michealsite
6/13/1993,xcvbgerte@fstysty.com,pacific,Isabelle,Jonesite
6/14/1993,uttyklfgfbmgr@gstysty.com,orchid,Jeff,Jasminite
6/15/1993,x4dfgg5@hhstysty.com,orange,Jerry,Faerberite
6/16/1993,xre@hhhstysty.com,olive,Laura,Criswellite
7/21/1970,qsxf@ertstysty.com,navy,Martha,Coruthersite
7/22/1970,wr@hhhstysty.com,mauve,Mathew,Childersite
7/23/1970,xcy@ggg.net,khaki,Nelda,Cheryite
6/8/1985,xfgh@tyu.biz,ivory,Pattrick,Chenowethite
6/8/1985,cox@ffhstysty.com,indigo,Quinten,Chavezite
6/10/1985,cyzn@wrtystysty.com,hunter,Rachelle,Beckerite
6/11/1985,fghj@fxwstysty.com,grey,Rebecca,Barelaite
6/12/1985,wrggn@gtwrstysty.com,green,Shannon,Bachertite
6/13/1985,cyznfgh@rtyustysty.com,emerald,Steve,Bacaite
7/8/1980,yyuiouyi@yznmstysty.com,denim,Teis,Babichite
7/10/1980,uiyoy@wrwtstysty.com,brown,Terry,Andersonite
7/11/1980,yznym@wrtyyystysty.com,blush,Tom,Alberezite
7/12/1980,cyzn@yuiostysty.com,blue,Wallice,Abottite
7/13/1982,sxffr@wrtwrtstysty.com,black,Willy,Ablerite
7/14/1982,znmwrt@tywgstysty.com,avacado,Winchester,Aabyite
6/16/1993,qkkum@emqil.com,avacado,Winchester,Aaby
6/15/1993,dktkb@emqil.com,black,Willy,Abler
6/14/1993,aklkgf@emqil.com,blue,Wallice,Abott
6/13/1993,zewtkewtmfgm@emqil.com,blush,Tom,Alberez
6/12/1993,dfgmkwwkt@emqil.com,brown,Terry,Anderson
6/11/1993,kktgujkewt5@emqil.com,denim,Teis,Babich
6/13/1985,wewjekob@emqil.com,emerald,Steve,Baca
6/12/1985,sdukiomgjmg@emqil.com,green,Shannon,Bachert
6/11/1985,iuosdgfwwe@e.com,grey,Rebecca,Barela
6/10/1985,otgfkewbmjdfn@e.com,hunter,Rachelle,Becker
6/8/1985,sdktwew@e.com,indigo,Quinten,Chavez
6/8/1985,xcvbgewte@f.com,ivory,Pattrick,Chenoweth
7/14/1982,uttkklfgfbmgw@g.com,khaki,Nelda,Chery
7/13/1982,x4dfgg5@mm.com,mauve,Mathew,Childers
7/12/1980,xwe@mmm.com,navy,Martha,Coruthers
7/11/1980,qsxf@ewt.com,olive,Laura,Criswell
7/10/1980,ww@mmm.com,orange,Jerry,Faerber
7/8/1980,xck@ggg.net,orchid,Jeff,Jasmin
8/17/1978,xfgm@tku.biz,pacific,Isabelle,Jones
8/16/1978,cox@ffm.com,pink,Grant,Micheals
8/15/1978,ckzn@wwtk.com,pool,Gene,Mitchell
8/14/1978,fgmj@fxw.com,red,Gabe,Quast
8/13/1978,wwggn@gtww.com,robin,Doug,Romer
8/12/1978,ckznfgm@wtku.com,rose,Dianne,Sanchez
3/16/1972,kkuiouki@kznm.com,sage,Debbie,Smith
7/23/1970,uikok@wwwt.com,sapphire,Dan,Stover
7/22/1970,kznkm@wwtkkk.com,tan,Chris,Thomes
7/21/1970,ckzn@kuio.com,turquoise,Charles,Thompson
3/15/1967,sxffw@wwtwwt.com,white,Bill,Watson
3/14/1952,znmwwt@tkwg.com,yellow,Becky,Williams
9/10/1996,MasonHayes@BfEmail.com,Arctic lime,Mason,Hayes
6/6/2000,LukeThompson@GwEmail.com,Chrome yellow,Luke,Thompson
8/25/2001,CharlotteTaylor@YmEmail.com,Deep pink,Charlotte,Taylor
2/1/2018,LeahWalker@CnEmail.com,Floral white,Leah,Walker
9/27/2019,SamuelFoster@YzEmail.com,Alabaster,Samuel,Foster
5/30/2007,AaliyahColeman@PgEmail.com,Cedar Chest,Aaliyah,Coleman
1/13/1997,JayceEvans@QmEmail.com,Ao (English),Jayce,Evans
8/3/2008,GabrielMitchell@DsEmail.com,Cool grey,Gabriel,Mitchell
2/4/2020,IsabellaGriffin @BiEmail.com,Bole,Isabella,Griffin
3/13/2020,AsherAlexander@NhEmail.com,Blue-green (color wheel),Asher,Alexander
1/14/2011,JacksonMartinez@WiEmail.com,Dark green (X11),Jackson,Martinez
3/8/2001,MatthewAlexander@MeEmail.com,Cadet blue (Crayola),Matthew,Alexander
12/27/2011,LincolnThompson@LtEmail.com,Erin,Lincoln,Thompson
5/7/2007,MuhammadRussell@XsEmail.com,Canary yellow,Muhammad,Russell
8/1/1998,CadenSmith@ZlEmail.com,Dark byzantium,Caden,Smith
12/22/2013,NovaCarter@EvEmail.com,Bittersweet,Nova,Carter
6/23/1996,LeviParker@UvEmail.com,Dark liver (horses),Levi,Parker
5/13/2003,EverlySanders@OiEmail.com,Copper (Crayola),Everly,Sanders
1/25/2008,GraysonPrice@YdEmail.com,Copper (Crayola),Grayson,Price
3/6/2002,JacksonLong@VxEmail.com,Bitter lemon,Jackson,Long
2/22/2017,AdalynLopez@WjEmail.com,Baby blue,Adalyn,Lopez
9/26/2003,LilaWood@RrEmail.com,Amaranth (M&P),Lila,Wood
2/17/2007,ChloeRussell@XbEmail.com,French raspberry,Chloe,Russell
4/25/1999,SebastianRobinson@KlEmail.com,Cyan,Sebastian,Robinson
10/7/2006,CadenGarcia@DgEmail.com,Charm pink,Caden,Garcia
6/23/2014,MichaelHernandez@GzEmail.com,Café au lait,Michael,Hernandez
2/17/2018,LukeCooper@PaEmail.com,Coffee,Luke,Cooper
4/3/2013,MiaMoore@DsEmail.com,CG blue,Mia,Moore
6/8/2020,OliverAdams@TcEmail.com,Carnation pink,Oliver,Adams
2/18/2006,MiaPhillips@LfEmail.com,Black,Mia,Phillips